{
    "userId": "43dbb124-cdef-423d-af7a-2ab131b322b9",
    "combine": "",
    "name": "MePanel3",
    "description": "MePanel3",
    "location": {
        "locationId": "d1e258ef-8084-4490-a726-207682836105",
        "locationType": "",
        "locationName": "default"
    },
    "icon": "",
    "enable": true,
    "owner": "3e83253c-ff4f-4fa8-b51c-0cb29c4ec0b9",
    "type": {
        "icon": "",
        "id": "040B09050203",
        "name": "MePanel3"
    },
    "status": {
        "switch": "ON",
        "network": "CONNECTED"
    },
    "extra": {

    }
}