{
    "userId" : "43dbb124-cdef-423d-af7a-2ab131b322b9",
    "combine" : "",
    "name" : "MeInverter",    
    "description" : "MeInverter",
    "location": {
        "locationId": "d1e258ef-8084-4490-a726-207682836105",
        "locationType": "",
        "locationName": "default"
    },
    "icon" : "",
    "enable" : true,
    "owner" : "3e83253c-ff4f-4fa8-b51c-0cb29c4ec0b9",
    "type" : {
        "icon" : "",
        "id" : "040B01000004",
        "name" : "MeInverter"
    },
    "status" : {
        "switch" : "OFF",
        "network" : "DISCONNECTED"
    },
    "extra":{
        "serialNum" : "7H05460013",
        "dataLogSn" : "AH55471022",
        "nominalPower" : 4200.0,
        "fwVersion" : "AH1.0",
        "innerVersion" : "ahba0000",
        "modelText" : "A0B0D1T2PFU1M4SA",
        "mainsVoltMax":380.0,
        "reactivePower":86.7,
        "storagePF": true,
        "pf":"",
        "deviceTime":"2017-04-01 04:01:00",
        "runtime":{
            "pv":[
                {
                    "name":"pv1",
                    "volt":20.0,
                    "current":1.5,
                    "watt": 89.9
                },
                {
                    "name":"pv2",
                    "volt":20.0,
                    "current":1.5,
                    "watt": 89.9
                }
            ],
            "ac":[
                {
                    "name":"ac1",
                    "volt":20.0,
                    "current":1.5,
                    "watt": 89.9
                },
                {
                    "name":"ac2",
                    "volt":20.0,
                    "current":1.5,
                    "watt": 89.9
                },
                {
                    "name":"ac3",
                    "volt":20.0,
                    "current":1.5,
                    "watt": 89.9
                }
            ]
        },
        
         "items":{
            "status": -1,
            "totalEnergy": 2.2,
            "dayTotalEnergy": 0.8,
            "currentPower": 212,
            "powerMax": 788.9
         }
    }
}