{
    "userId": "43dbb124-cdef-423d-af7a-2ab131b322b9",
    "combine": "",
    "name": "MeThermostat-wifi",
    "description": "MeThermostat-wifi",
    "location": {
        "locationId": "d1e258ef-8084-4490-a726-207682836105",
        "locationType": "",
        "locationName": "default"
    },
    "icon": "",
    "enable": true,
    "owner": "43dbb124-cdef-423d-af7a-2ab131b322b9",
    "type": {
        "icon": "",
        "id": "050608070001",
        "name": "MeThermostat-wifi"
    },
    "status": {
        "switch": "ON",
        "network": "CONNECTED"
    },
    "extra": {
        "mac" : "ACCF23BF9306",
        "devType" : 8,
        "disDevName" : "Yuedong-Water",
        "reqInterval" : 30,
        "statusOnoff" : 0,
        "encrypt" : "1a755b7366fa526b882749fe4367d3d1",
        "items" : {
            "disTemp" : "c29.5",
            "tempHeat" : "c25.0",
            "tempOut" : "c10.0",
            "tempComfort" : "c22.0",
            "tempEnergy" : "c18.0",
            "heatMode" : 0,
            "status" : 4
        },
        "connection" : {
            "socket" : "::ffff:171.221.143.245:7381",
            "lastTime" : 1495868335469.0
        },
        "heatMode" : 2,
		/*以上是对象原生属性，以下属性是系统附加属性*/
		"timers":[/*定时器，结构详见timer*/]
    }
}